-- phpMyAdmin SQL Dump
-- version 5.0.2
-- https://www.phpmyadmin.net/
--
-- Host: 127.0.0.1
-- Waktu pembuatan: 12 Jun 2020 pada 07.54
-- Versi server: 10.4.11-MariaDB
-- Versi PHP: 7.4.4

SET SQL_MODE = "NO_AUTO_VALUE_ON_ZERO";
START TRANSACTION;
SET time_zone = "+00:00";


/*!40101 SET @OLD_CHARACTER_SET_CLIENT=@@CHARACTER_SET_CLIENT */;
/*!40101 SET @OLD_CHARACTER_SET_RESULTS=@@CHARACTER_SET_RESULTS */;
/*!40101 SET @OLD_COLLATION_CONNECTION=@@COLLATION_CONNECTION */;
/*!40101 SET NAMES utf8mb4 */;

--
-- Database: `travel`
--

-- --------------------------------------------------------

--
-- Struktur dari tabel `account`
--

CREATE TABLE `account` (
  `username` varchar(50) NOT NULL,
  `password` varchar(50) NOT NULL,
  `nama_lengkap` varchar(50) NOT NULL,
  `kontak` varchar(50) NOT NULL,
  `alamat` varchar(50) NOT NULL,
  `photo` varchar(50) NOT NULL
) ENGINE=InnoDB DEFAULT CHARSET=utf8mb4;

--
-- Dumping data untuk tabel `account`
--

INSERT INTO `account` (`username`, `password`, `nama_lengkap`, `kontak`, `alamat`, `photo`) VALUES
('apasalahku', 'apasalahku', 'apasalahku', '085395443622', 'apasalahku', 'apasalahku_12-06-2020_03-12-03.jpg');

-- --------------------------------------------------------

--
-- Struktur dari tabel `budaya_populer`
--

CREATE TABLE `budaya_populer` (
  `nama_budaya` varchar(255) NOT NULL,
  `lokasi` varchar(255) NOT NULL,
  `deskripsi` text NOT NULL,
  `gambar` varchar(255) NOT NULL
) ENGINE=InnoDB DEFAULT CHARSET=utf8mb4;

--
-- Dumping data untuk tabel `budaya_populer`
--

INSERT INTO `budaya_populer` (`nama_budaya`, `lokasi`, `deskripsi`, `gambar`) VALUES
('Accera Kalompoang', 'Gowa', 'Accera Kalompoang merupakan tradisi pencucian benda-benda pusaka kerajaan Gowa, Sulawesi Selatan yang dilakukan turun-temurun dan merupakan tradisi yang sakral oleh masyarakat Gowa. Accera Kalompoang merupakan warisan budaya tak benda yang telah diberikan sertifikat secara resmi dari Kementerian Pendidikan dan Kebudayaan (Kemendikbud) pada 10 Oktober 2018. Dalam tradisi tersebut, benda-benda kerajaan dicuci menggunakan air suci yang dibacakan surat Al-Fatihah oleh semua peserta upacara yang dipimpin oleh Guru Besar. Pada salah satu ritual upacara tersebut juga terdapat penimbangan salokoa atau mahkota emas murni seberat 1768 gram. Masyarakat setempat percaya bahwa jika timbangan emas tersebut berkurang, maka merupakan pertanda bencana akan terjadi. Sedangkan apabila timbangan emas tersebut bertambah, maka menjadi pertanda kemakmuran bagi masyarakat.  Inti dari upacara ini adalah allangiri kalompoang, yaitu pembersihan dan penimbangan salokoa (mahkota) yang dibuat pada abad ke-14. Mahkota ini pertama kali dipakai oleh Raja Gowa, I Tumanurunga, yang kemudian disimbolkan dalam pelantikan Raja- Raja Gowa berikutnya.[1]Tradisi ini dilakukan dirumah adat Balla Lompoa yang merupakan istana raja Gowa yang dilaksanakan saat hari Idul Adha. Accera Kalompoang dimulai pada saat pemerintahan raja Gowa yang ke-14 I Mangngarangi Daeng Manrabbia yang bergelar Sultan Alauddin, Raja Gowa yang pertama kali memeluk agama Islam. Tidak hanya disaksikan oleh keturunan raja-raja Gowa, masyarakat umum yang berpakaian adat Makassar pada acara tersebut juga dapat menyaksikannya.', 'Gowa_12-06-2020_06-58-57.jpg'),
('Akkekkese Je’ne', 'Selayar', 'Pulau dengan luas sekitar 9 Ha ini dengan suasana alam yang asri dan pemandangan yang menawan. Selain hamparan pasir putih yang indah, di sisi luarnya juga ditumbuhi oleh rimbunnya hutan bakau. Selain itu, di salah satu sudut pulau juga terdapat gugusan bebatuan nan cukup indah. Dikelilingi pemandangan laut yang biru serta pesona biota laut dan terumbu karannya nan menawan, membuat Anda akan merasa betah untuk tinggal berlama-lama di tempat ini. Berlokasi di Desa Cilelang, Kab. Barru.Pada Hari pembersihan air juga maka seluruh warga dilarang mengambil air selama satu Hari itu. Sebelum upacara pembersihan dilakukan juga dilakukan ritual barasanji.  Asal mula kata Jenekikki berasal dari dua suku kata yaitu je’ne (Air) & Kikki (Gigit). Kata Jenekikki atau air Gigit diambil sebagai nama kampung karena sampai pada tahun 70-an masyarakat yang mau mengambil air di sumur ini harus turun di sumber mata air yang dalam nya 30 meter membawa Bengki (Tempat air dari Tanah liat) dan ketika mau Naik dari sumur maka Bengki tersebut digigit sambil menaiki tangga ke permukaan.     Namun seiring perkembangan zaman maka Bengki diganti dengan timba dari karet ban dalam mobil dan digunakanlah tali untuk menimba air dan sekarang sudah menggunakan mesin pompa air yg lebih Modern sehingga masyarakat tidak perlu lagi turun ke sumber air membawa Bengki. Namun tradisi akkeke Jeknek ini tetap dipertahan kan sebagai ajang upacara tahunan dan mempererat tali silaturahmi warga disana.', 'Selayar_12-06-2020_06-55-07.jpg'),
('Anyorong Lopi', 'Bulukumba', 'Rangkaian upacara Annyorong lopi terdiri dari empat tahapan. Tahap pertama yaitu melakukan penyembelihan hewan kurban biasanya kerbau dan biasanya dilakukan saat sore hari, satu hari sebelum perahu diluncurkan. Tahap kedua adalah upacara appasili[3] yang dilaksanakan di pagi hari. Ritual Appasili yaitu aktivitas mencegah dan menolak mara bahaya dan gangguan dengan cara melaksanakan rangkaian songka bala (tolak bala) yang dipercaya masyarakat Bonto bahari sebagai ritual yang sangat penting agar perahu pinisi tidak mengalami gangguan selama berlayar. Tahap ketiga adalah dengan membuat ammossi (pusat perahu) aktivitas ini dilakukan pada malam hari. Ammarosi adalah membuat pusar (possi) pada pertengahan lunas perahu dengan menggunakan bor. Tahap terakhir yaitu keempat adalah peluncuran perahu dengan menarik perahu ke laut bersama-sama.[3].  Annyorong lopi menjadi wujud kearifan lokal masyarakat Bulukumba, memberi bukti nyata semangat kebersamaan, gotong royong dan etos kerja masyarakat Bulukumba Annyorong lopi saat ini bukan saja sekadar upacara ritual milik masyarakat Bugis, namun sudah menjadi sebuah ajang Festival besar dan bergengsi untuk pengembangan dan kemajuan pariwisata di Indonesia, agar lebih dikenal ke penjuru dunia. Sejak tahun 2010, acara Annyorong lopi sudah dilaksanakan sebagai sebuah even budaya yang bertajuk Festival pinisi yang biasanya dilaksanakan pada bulan September di lingkungan Tokambang, kelurahan Tanah Lemo, kecamatan Bontobahari.[4][5]', 'Bulukumba_12-06-2020_07-00-59.jpg'),
('Budaya Bugis', 'Makassar', 'Provinsi Sulawesi Selatan  dengan ibukota Makassar, terletak disebelah Utara berbatasan dengan provinsi Sulawesi Tengah dan bagian lainnya dikelilingi oleh laut, teluk dan selat yaitu Laut Flores disebelah Selatan, teluk Bone disebelah Timur, dan selat Makassar disebelah Barat. Didaerah ini terdapat dua buah gunung yang cukup tinggi yaitu gunung Lompobattang dan gunung Rantekombola. Terdapat dua buah danau yaitu danau Tempe dan danau Sidenreng.  Sulawesi Selatan merupakan wilayah yang dikelilingi oleh berbagai macam pulau. Wilayah kepulauan  tersebut membuat Sulawesi Selatan memiliki banyak keunikan tradisional, salah satunya adalah budaya. Suku yang banyak mendiami di Sulawesi Selatan adalah suku Bugis dan suku Makassar, yang kemudian menjadi dikenal dengan perpaduan suku Bugis-Makassar.  Terdapat beberapa kebudayaan yang dimiliki oleh suku Bugis – Makassar, seperti Pakaian Adat, Rumah Tradisional,  Tari Tradisional, Alat musik Tradisional, Senjata Tradisional dan Lagu Daerah Tradisional.', 'Makassar_12-06-2020_06-43-08.jpg'),
('Maccera Tasi', 'Luwu Timur', 'Warga Kecamatan Wotu memadati perairan Bone Eja-Eja, sekitar 3 Kilometer lepas pelabuhan Wotu, Desa Bawalipu Kecamatan Wotu, Kabupaten Luwu Timur, Sulawesi Selatan, Senin (25/7/2016).  Mereka meyaksikan ritual adat Maccera\' Tasi\' atau kegiatan syukuran nelayan.  Ritual ini juga dipercaya sebagai manifestasi budaya Luwu mengenai hubungan manusia kepada Tuhan, manusia dengan manusia, dan lingkungan hidup.   Dalam pelaksanaannya, ada persembahan-persembahan atau sesaji yang dibawa ke tengah laut.  Datu Luwu ke-40, Andi Maradang Makkulau Opu To Bau dan rombongan kedatuan, hadir dalam acara adat itu.  Datu Luwu didampingi Macoa Bawalipu, Ishak Razak dan beberapa tetua adat Wotu.(*)', 'Luwu Timur_12-06-2020_07-03-05.jpg'),
('Mammanu-manu dan Madduta', 'Bone', 'Mammanu\'-manu\' merupakan tahap awal dalam persiapan pernikahan adat Bugis Makassar. Dulu, mammanu\'-manu\' merupakan kegiatan yang dilakukan oleh keluarga laki-laki untuk menyelidiki status dari gadis yang hendak dipinang.  Kegiatan tersebut untuk memastikan apakah gadis tersebut sudah terikat atau belum. Selain itu, diselidiki juga apakah sang gadis sesuai bibit bebet bobotnya. Biasanya mammanu\'-manu\' diwakili oleh perempuan dari keluarga laki-laki yang dianggap mampu untuk melakukan hal tersebut.  Jika belum terikat, maka dilanjutkan oleh madduta untuk menyampaikan lamaran. Setelah lamaran diterima oleh keluarga wanita, akan ada perwakilan keluarga yang membicarakan mengenai tanggal pernikahan, mahar, dan lain-lain. Orang yang ditunjuk harus orang yang mampu berbicara dan bernegosiasi agar tidak terjadi kesalahpahaman dan kesepakatan bisa tercapai dengan baik.  Di zaman modern ini, Mammanu\'-Manu\' , Madduta\', dan pembicaraan lanjutan masih dilakukan oleh segelintir masyarakat tetapi dengan lebih ringkas. Biasanya semuanya sudah digabung menjadi satu agar lebih efisien.', 'Bone_12-06-2020_06-51-39.jpg'),
('Mappalili', 'Pangkep', 'Kehidupan masyarakat Bugis yang bertumpu pada pekerjaan bertani menjadikan ritual mappalili terus lestari. Mappalili menjadi salah satu ritual penting yang dijalankan oleh masyarakat Bugis yang berwilayah di Sulawesi Selatan.  Mappalili berasal dari kata palili yang berarti berkeliling, sedangkan arti Mappalili sesungguhnya adalah pesta tanda dimulainya bertanam padi di sawah. Menurut etimology, Mappalili (Bugis)/ Appalili (Makassar) berasal dari kata palili yang memiliki makna untuk menjaga tanaman padi dari sesuatu yang akan mengganggu atau menghancurkannya.  Mappalili atau Appalili adalah ritual turun-temurun yang dipegang oleh masyarakat Bugis. Kata Mappalili adalah tanda untuk mulai menanam padi. Upacara ini dipimpin oleh bissu yang juga berperan sebagai pemangku adat.  Salah satu daerah di Sulawesi Selatan yang masih terus menjalankan tradisi ini adalah Kabupaten Pangkep, utamanya di daerah Segeri. Segeri dikenal sebagai daerah yang masih memegang teguh adat istiadatnya dan masih memiliki bissu. Oleh sebab itu, tradisi mapalili yang merupakan tradisi turun-temurun masih terus dijalankan.  Meski demikian, upacara ritual mappalili tidak banyak dilakukan oleh masyarakat Bugis saat ini. Mapalili hanya popular di kalangan kelompok masyarakat yang melihat komunitas Bissu sebagai yang terpenting karena bissu dipercaya sebagai penjaga pitarah Bugis.  Mappalili  dilaksanakan oleh masyarakat Bugis dengan berkeliling kampung serta membawa arajang (Benda pusaka Bugis) sampai turun ke sawah yang akan dibajak dengan harapan masyarakat Bugis dapat terhindar dari segala mala petaka yang kemungkinan menimpa kampung mereka.  Masyarakat di Desa Bontomate’ne, Kecamatan Segeri, Kabupaten Pangkep misalnya sangat percaya bahwa untuk membangunkan arajang itu perlu di lakukan suatu upacara, yakni upacara Mappalili. Masyarakat Segeri percaya bahwa ritual tersebut sangat sakral untuk di laksanakan terkhusus pada masyarakat Bontomate’ne percaya bahwa tanpa adanya upacara Mappalili ini maka segala yang di harapkan akan sirna terutama pada sektor pertanian.  Mappalili diawali dengan ritual matteddu arajang (membangunkan benda pusaka), yang berupa alat bajak yang konon di  temukan melalui mimpi. Bajak tersebut turun dari langit dan ditemukan di gunung lateangoro. Alat bajak ini tersusun dari kayu dan tidak  memiliki sambungan. Ritual matteddu arajang diiringi dengan tabuhan gendang adat dan pembacaan mantra “Teddu’ka denra maningo. Gonjengnga’ denra mallettung. Mallettungnge ri Ale Luwu. Maningo ri Watang Mpare”.  Selanjutnya, akan laksanakan ritual pembersihan arajang lalu dibungkus kembali menggunakan kain putih dan diteruskan dengan ritual mattunu pelleng dan mallise walasuji. Gendang adat akan dimainkan semalaman sambil mengiringi prosesi mappamula tudang puang matoa marellau pammase dewata dalam ritual mattangga benni yang dipimpin oleh Puang Matoa Bissu (Pimpinan bissu). Setelah ritual ini, selanjutnya dilaksanakan prosesi maggiri oleh  para bissu. Mereka akan menusukkan keris ke anggota badan mereka  sambil menari dan melantunkan mantra dalam bahasa bugis kuno.  Pada hari pelaksanaan palili, arajang akan diarak keliling kampung dan menuju ketengah galung (sawah) khusus kerajaan (akarungeng) lalu disentuhkan ke tanah. Pada saat itu juga dilaksanakan ritual macera’ atau  menyembelih ayam sebagai sebuah persembahan. Hal inilah yang menjadi  aba-aba agar para petani mulai turun kesawah. Dalam perjalan pulang,  rombongan arak-arakan akan menyiramkan air kepala setiap orang yang  dilalui. Hal ini dinamakan prosesi makecce-kecce. Prosesi ini  merupakan pengharapan agar hujan turun dengan lebat untuk memenuhi  kebutuhan air para petani selama proses bertani.  Salah satu hal yang disorot dari upacara mappalili ini adalah kehadiran bissu sebagai pemimpin upacara. Bissu yang dianggap bersih atau suci, dipercayai mampu menghubungkan dunia nyata dan dunia para Dewata (Dewa). Selain itu, figur bissu sangatlah penting bagi kehidupan masyarakat terdahulu dikarenakan bissu merupakan penyambung lidah bagi raja untuk didengarkan segala perkataannya oleh rakyat yang dipimpinnya.  Ketika pemerintahan dipegang oleh raja pada zaman kerajaan, yakni sekitar 14 Masehi, bissu dipercayakan menjadi pemimpin upacara adat tersebut, termasuk menentukan penetapan hari pelaksanaannya. Namun seiring perubahan sistem pemerintahan, penetapan hari upacara adat itu sudah mendapat campur tangan pihak pemerintah.  Setelah ada usulan penetapan mappalili dari bissu, pihaknya masih menunggu kesiapan pejabat pemerintah mulai lurah, camat hingga bupati untuk hadir. Pemerintah Kabupaten Pangkep sendiri memberikan penghargaan pada pelaksanaan upacara Mappalili di setiap tahun atau setiap awal musim budidaya. Pada prosesi pelaksanaan mappalili memiliki beberapa perbedaan antara satu kecamatan dengan kecamatan lain karena menurut perhitungan dan diskusi dari pemimpin ketua adat.', 'Pangkep_12-06-2020_07-04-49.jpg'),
('MAPPATETTONG BOLA', 'Barru', 'Era sekarang kebiasaan masyarakat selalu menjadi hal menarik untuk dilihat bahkan dituliskan sekalipun, apalagi jika adat istiadat yang masih terjaga sampai saat ini. Kabupaten Barru memiliki tipe masyarakat yang majemuk dan terbuka dalam kehidupan masyarakat yang memiliki bangunan rumah panggung (rumah kayu) sangat khas juga di Sulawesi Selatan. Sejarah memang tidak pernah terlepas dari kebiasaan masyarakat. Seperti yang diketahui Kabupaten Barru sendiri mempunyai sisi sejarah dan kebudayaan yang sangat kuat dimulai dari sistem kerajaan sampai bentuk kebudayaan yang dimiliki oleh masing-masing masyarakatnya. Dari berbagai kerajaan yang menyatu hingga terbentuk Kabupaten Barru sehingga tidak jarang kita lihat rumah yang berbentuk besar seperti dikenal dengan sebutan Sao Raja yang salah salah satunya ada di Lapinceng kecamatan Balusu.  Tipe rumah Bugis itu sendiri terbagi dua tipe yaitu rumah Sao Raja ( Salassa ) dan Bola. Saoraja adalah rumah besar yang ditempati oleh keturunan Raja (kaum bangsawan) dan Bola adalah rumah yang ditempati oleh masyarakat biasa. Rumah bugis itu sendiri sangat khas dibanding dengan rumah kayu yang ada di Sumatera dan Kalimantan, tingkat perbedaan ada pada bentuk biasanya memanjang ke belakang dengan tambahan disamping bangunan utama dan bagian depan yang disebut lego-lego.  Salah satu yang terlihat dalam pembuatan rumah panggung oleh masyarakat di Kecamatan Soppeng Riaja Desa Siddo dusun Ceppaga yang masih dilakukan secara gotong royong, terlihat dari prosesi adat istiadatnya sampai berdirinya rumah panggung tersebut bahkan dilakukan sebelum fajar terbit. Awal mula petuah adat melakukan ritual untuk keselamatan rumah baru. Sebelum semua tiang rumah didirikan, akan tetapi tetap berpegang teguh pada hakikat keagamaan. Hal ini terlihat dari pembacaan “Barasanji” berisi shalawat nabi besar Muhammad SAW. Bukan hanya itu, ada yang dinamakan “Posi Bola” sebagai pusar rumah tumpuan berdirinya. Selama berlansungnya ritual prosesi bangun rumah kayu tersebut, ada yang menarik dilakukan pemilik rumah tersebut. Sebelum semua tiang rumah berdiri pemilik rumah harus berada pada titik tengah rumah (Posi bola).  Kurang lebih 200 orang/masyarakat dusun Ceppaga terlihat mengikuti prosesi mappatettong bola tersebut. Semua terlihat saling membantu sehingga rumah panggung ini bisa berdiri kokoh selayaknya rumah panggung khas Bugis Barru. Dari sikap kegotong royongan ini sangat kental terasa ditengah hiruk pikuk ibu-ibu yang juga secara bersama sibuk menyiapkan makanan. Semua terlihat satu yaitu Kebersamaan ditengah perkembangan zaman yang semakin berubah. Hal ini patut kita banggakan jika masyarakat kita masih tersimpan nilai-nilai kegotong royongan yang kuat yang menghadirkan generasi yang faham akan arti kesatuan.  Selain itu ada juga yang dinamakan tradisi “Menre Bola” setelah rumah kayu ini jadi seutuhnya tradisi Menre Bola (naik rumah) juga sangat menarik bagi kalangan pencinta budaya kenapa tidak, hal tersebut juga dilakukan sebelum fajar tiba. Ritual tradisi Prosesi diawali tepat jam 5 shubuh kedua pasangan suami istri beserta anaknya duduk bersila diruang tamu bersama petuah adat. Sebelum menuju rumah baru mereka ada yang mesti diperhatikan yaitu seperangkat sajian berupa pattapi (ayaman dari rotan), gayung, sepotong kelapa, sayur nangka, saji, sendok sayur dan Gula merah. Bagian ini merupakan hal wajib ada dalam setiap proses tersebut.  Selanjutnya keluarga tersebut meninggalkan rumah lamanya ke tempat yang baru, sampai dirumah barunya istri dari keluarga tersebut menjatuhkan sajian tadi ke bawah rumah dengan gerakan kaki melalui tangga depan. Lalu memasuki rumah tepatnya di “Posi Bola” disebutnya sebagai pusar rumah baru yang ditempati. Ada 7 macam jenis makanan yang disajikan didalamnya sesuai filosofi yang terkandung dalam kehidupan. Yang paling menarik pula pada 40 hari setelah tradisi ini, penghuni rumah baru tersebut tidak boleh menginap lagi ditempat sanak saudara maupun dirumah orang tuanya.', 'Barru_12-06-2020_07-17-23.jpg'),
('Rambu Solo\'', 'Tana Toraja', 'Rambu Solo’ adalah salah satu upacara adat paling penting bagi masyarakat Toraja. Upacara ini dilakukan sebagai pengantar seorang yang telah meninggal dunia menuju alam keabadian dan bergabung dengan leluhur yang telah lama mendahului mereka. Setiap tahun, tepatnya di bulan Juli atau Agustus, upacara besar ini kerap diadakan dan menarik banyak sekali wisatawan dari berbagai daerah di dunia.  Yang membuat Rambu Solo’ begitu unik jika dibandingkan dengan upacara pemakaman lain adalah mahalnya biaya pelaksanaan. Seorang bangsawan  di Tana Toraja bahkan bisa mengeluarkan uang hingga miliaran rupiah mulai dari persiapan hingga puncak acara yang berlangsung sangat meriah.', 'Tana Toraja_12-06-2020_06-57-48.jpg'),
('Upacara Adat Appalili', 'Maros', 'Upacara adat \"Appalili\" yang sarat dengan kearifan lokal yang mengedepankan gotong royong dan musyawarah mufakat, hingga kini tetap menjadi pedoman bagi masyarakat sebelum turun sawah.  Menurut KaraEng Sioja, prosesi \"Appalili\" ini sudah dilakukan sejak abad XV oleh Raja Marusu, I Pake Daeng Masiga (Sultan Jamaluddin) dan tetap dilestarikan hingga saat ini.  Appalili merupakan serangkaian upacara adat khas KaraEng Marusu yang intinya adalah turunnya alat-alat kerajaan menuju sawah kerajaan yang bergelar \'Turannua\' untuk membajak areal sawah pusaka Kerajaan Marusu.  Benda pusaka yang digunakan pada prosesi Appalili itu adalah \"pajjeko\" (bajak) milik Raja Marusu yang digunakan secara adat dan dilaksanakan setiap tahun setiap tanggal 17 November.  Hanya saja, lanjut KaraEng Sioja, jika bertepatan dengan bulan suci Ramadhan ataupun hari keagamaan dialihkan ke tanggal lain sesuai kondisi lapangan.', 'Maros_12-06-2020_06-49-34.jpg');

-- --------------------------------------------------------

--
-- Struktur dari tabel `lokasi`
--

CREATE TABLE `lokasi` (
  `lokasi` varchar(255) NOT NULL
) ENGINE=InnoDB DEFAULT CHARSET=utf8mb4;

--
-- Dumping data untuk tabel `lokasi`
--

INSERT INTO `lokasi` (`lokasi`) VALUES
('Barru'),
('Bone'),
('Bulukumba'),
('Gowa'),
('Luwu Timur'),
('Makassar'),
('Maros'),
('Pangkep'),
('Selayar'),
('Tana Toraja');

-- --------------------------------------------------------

--
-- Struktur dari tabel `pariwisata`
--

CREATE TABLE `pariwisata` (
  `nama_wisata` varchar(255) NOT NULL,
  `lokasi` varchar(255) NOT NULL,
  `deskripsi` text NOT NULL,
  `gambar` varchar(255) NOT NULL
) ENGINE=InnoDB DEFAULT CHARSET=utf8mb4;

--
-- Dumping data untuk tabel `pariwisata`
--

INSERT INTO `pariwisata` (`nama_wisata`, `lokasi`, `deskripsi`, `gambar`) VALUES
('Air terjun bantimurung', 'Maros', 'Air Terjun Bantimurung adalah salah satu objek wisata air terjun yang cukup terkenal. Letaknya di kecamatan Bantimurung, kabupaten Maros, Provinsi Sulawesi Selatan. Air terjun yang terletak di kawasan Taman Nasional Bantimurung ini merupakan objek wisata favorit masyarakat Sulawesi Selatan.  Air terjun ini memiliki tinggi sekitar 15 meter dan lebar sekitar 20 meter. Dibawah curahan air terjun ini terdapat sebuah tempat pemandian dari landasan batu kapur yang tertutup lapisan mineral. Kita bisa berendam dan mandi di pemandian ini. Selain memiliki tempat pemandian, kawasan air terjun ini memiliki tangga yang berada disebelah kiri air terjun. Tangga tersebut merupakan jalan menuju ke  Gua Mimpi dan Gua Batu. Gua-gua ini mempunyai kedalaman sekitar 1500 meter.  Satu lagi yang tak kalah menarik, kawasan wisata air terjun Bantimurung ini juga menjadi habitat berbagai spesies kupu-kupu. Jumlah spesies kupu-kupu di kawasan ini cukup banyak, mencapai kurang lebih 150 spesies.  Di lokasi wisata ini tersedia beberapa fasilitas, sperti kolam renang, toilet, bungalow, pusat informasi dan toko-toko souvenir yang menjajakkan barang2 yang khas dari tempat wisata air terjun Bantimurung ini.  Nama Bantimurung sendiri konon berasal dari bahasa setempat. Terdiri dari dua kata, yaitu ‘benti’ yang artinya ‘air’ dan ‘merrung’ yang artinya ‘gemuruh, karena suara yang dihasilkan air terjun ini bergemuruh.', 'Maros_12-06-2020_02-30-05.jpg'),
('Benteng Rotterdam', 'Makassar', 'Beberapa kali berganti nama, Fort Rotterdam kerap disebut juga Benteng Ujung Pandang (Jum Pandang). Dulunya adalah benteng peninggalan Kerajaan Gowa-Tallo. Mulai digunakan pada 1545 dan pembangunannya digagas oleh Raja Gowa ke-9 yang bernama I manrigau Daeng Bonto Karaeng Lakiung Tumapa\'risi\' kallonna. Awalnya benteng ini berbahan dasar tanah liat, namun pada masa pemerintahan Raja Gowa ke-14 Sultan Alauddin konstruksi benteng ini diganti menjadi batu padas yang bersumber dari Pegunungan Karst yang ada di daerah Maros.  Benteng Ujung Pandang disebut juga Benteng Panyua atau benteng penyu karena memiliki bentuk kura-kura dan memiliki filosofi, kerajaan Gowa bisa hidup jaya di laut dan di darat.  Nama asli benteng ini adalah Benteng Ujung Pandang, biasa juga orang Gowa-Makassar menyebut benteng ini dengan sebutan Benteng Panyyua yang merupakan markas pasukan katak Kerajaan Gowa. Namun benteng itu akhirnya disita VOC setelah kerjaan Gowa-Tallo kalah perang dan menandatangani Perjanjian Bungaya (sering juga disebut Bongaya atau Bongaja) pada 18 November 1667.', 'Makassar_12-06-2020_02-21-21.jpg'),
('Benteng Somba Opu', 'Gowa', 'Benteng Somba Opu dibangun pada tahun 1525 oleh Sultan Gowa ke IX. Benteng ini merupakan pusat perdagangan dan pelabuhan rempah-rempah yang ramai dikunjungi pedagang dari Asia dan Eropa. Pada tahun 1669, benteng ini dikuasai oleh VOC kemudian dihancurkan hingga terendam oleh ombak pasang. Tahun 1980-an, benteng ini ditemukan kembali oleh sejumlah ilmuawan, dan pada tahun 1990 benteng ini direkonstruksi sehingga tampak lebih baik. Kini, Benteng Somba Opu menjadi sebuah objek wisata bersejarah di Kota Makassar yang di dalamnya terdapat beberapa bangunan rumah adat Sulawesi Selatan yang mewakili suku Bugis, Makassar, Mandar, dan Toraja. Selain itu, terdapat juga sebuah meriam dengan panjang 9 m dan berat 9.500 kg serta sebuah museum yang berisi benda-benda bersejarah peninggalan Kesultanan Gowa.', 'Gowa_12-06-2020_02-43-27.jpg'),
('Galangan Kapal Pinisi Tana Beru', 'Bulukumba', 'Masih di sekitar Tanjung Bira, di Tana Beru, Kecamatan Bonto Bahari. Desa itu diakui sebagai warisan budaya dunia oleh UNESCO, sebagai kampung pembuat kapal kayu pinisi. Kampung itu, sudah membuat perahu seturut kejayaan Kerajaan Gowa-Tallo, yang melayari seluruh nusantara, hingga Madagaskar dan Australia. Wisatawan bisa menyaksikan pembuatan kapal, mulai dari memilih kayu, merancang, hingga menariknya ke laut. Semua tahapan-tahapan tersebut melalui ritual, yang memadukan budaya lokal dan Islam.', 'Bulukumba_12-06-2020_06-30-18.jpg'),
('GOA MAMPU', 'Bone', 'Propinsi Sulawesi Selatan memiliki potensi alam yang sangat luar biasa, salah satu kekayaan terbesar adalah keunikan alam yang dijadikan sebagai obyek wisata. Goa Mampu merupakan salah satunya. Goa Mampu selain sebagai tempat destinasi wisata juga dipercaya masyarakat sekitar memiliki kisah yang disebut dengan alebborengnge ri Mampu, artinya adalah malapetakan di Mampu.  Legenda di goa mampu mempunyai keunikan tersendiri yang mampu menarik para traveler untuk berkunjung di Goa tersebut. Goa yang mempunyai luas sekitar 2000 meter persegi ini terdapat kuburan kuno yang menambah kesan mistis. Beberapa makan terletak di mulut goad an didalam goa.  Selain terkesan mistis, goa ini mempunyai pemandangan stalagtit dan stalagmit yang tersusu rapi didalamnya, bongkahan batu dengan berbentuk perahu, hewam, padi, manusia juga member kesan eksotis didalam Goa Mampu.  Terdapat legenda atau cerita rakyat tentang Goa Mampu dari masyarakat sekitar. Goa ini menceritakan sebuah perkampungan yang terkena kutukan, dan akhirnya apa yang terdapat didalamnya berubah menjadi batu.  Untuk berkunjung ke Goa Mampu, traveler harus menempuh jarak sejauh 35 kilometer dari Kabupaten Bone atau 4 jam dari kota Makasar. Goa Mampu ini terletak di lereng gunung mampu dengan ketinggian sekitar 250 meter, tepatnya di Desa Cabbeng, Kecamatan Dua Boccoe, Bone, Sulawesi Selatan.  Saat menuju mulut Goa, traveler harus membungkuk, di dekat mulut goa terdapat dua batu yang menggantung yang menandakan bahwa batu tersebut adalah gerbang menuju kompleks Goa Mampu.  Sebelum memasuki Goa, traveler hendaknya mempersiapkan logistic dan alat penerangan, atau juga bisa menyewa obor yang disewakan dari warga sekitar. Goa Mampu kondisinya sangat gelap gulita meskipun ada tempat-tempat tertentu dari lobang-lobang didinding goa tersinari oleh sinar matahari. Traveler juga bisa menyusuri Goa dengan pemandu lokal dengan tariff tertentu supaya tidak tersesat ketika berada didalam Goa Mampu.', 'Bone_12-06-2020_02-11-03.jpg'),
('Goa Tampang Allo', 'Tana Toraja', 'Tampang Allo merupakan goa alam yang dijadikan kuburan bagi masyarat Toraja. Banyak alasan kawasan ini menjadi salah satu destinasi favorit wisatawan di Tana Toraja, entah itu tau-tau (patung), gua itu sendiri, atau hamparan sawah yang indah terjepit di antara labirin tebing. Di dalam goa, Anda dapat menemukan ratusan erong (peti mati dengan bentuk binatang), tau-tau, dan tulang-belulang dari masyarakat Toraja yang dulunya dikubur disana.', 'Tana Toraja_12-06-2020_02-39-44.jpg'),
('GUMUK PASIR TORAJA', 'Tana Toraja', 'Pernah ke gumuk pasir wilayah jogja yang bentuknya seperti gurun? Bagi traveller yang berada di Sumatera, yaitu Gumuk Pasir Toraja. Toraja memang terkenal dengan wisata budaya serta alam yang unik seperti rumah toraja dan lain sebagainya. Namun kini traveller bisa mengunjungi obyek wisata baru yang terbilang masih baru yaitu obyek wisata Gumuk Pasir Toraja.  Jika traveller sedang berkunjung ke Sulawesi Selatan, cobalah mampir di Lembang Rantebua Sumalu, Dusun Buntu Rondo, Toraja Utara. Disinilah terdapat Gumuk pasir yang sangat mempesona dan eksotis dan populer dikalangan masyarakat Toraja dan para traveller baik lokal maupun luar derah. Gumuk Pasir Pabuiyan Toraja ini kini menjadi salah satu spot untuk selfie yang berlatar gumuk pasir padat.  Untuk menuju ke Gumuk Pasir Torasa, traveller bisa melakukan perjalanan kurang lebih 45 menit dari kota Rantepo dengan menggunakan kendaraan roda dua. Ada baiknya setelah sampai di wilayah ini traveller bisa bertanya ke warga sekitar karena lokasinya yang agak terpencil.  Keistimewaan Gumuk Pasir Toraja adalah bentuknya yang sangat padat dan terletak di tengah bukit, berbeda dengan di Jogja yang terletak di dekat pantai. Gumuk pasir yang awalnya hanya tempat biasa ini mulai ramai saat beberapa masyarakat mengunggahnya di media sosial.  Saat traveller berada di lokasi Gumuk Pasir Toraja, traveller akan melihat kontur gumuk pasir yang sangat eksotis dan menakjubkan. Traveller juga bisa merasakan meluncur di gumuk pasir tersebut. Perjalanan traveller sejauh 25 kilometer dari Rantepo akan terbayarkan ketika melihat panorama gumuk pasir yang indah ini. Apalagi menikmati gumuk pasir ketika matahari sedang terbit.  Bagi pecinta fotografi tentunya tempat seperti ini bisa menjadi alternative untuk mengambil gambar landscape dan ber tekstur. Lebih bagus lagi jika di latar belakangi dengan matahari terbit. Meskipun wilayahnya jauh dari perkotaan, kini para traveller bisa menikmati gumuk pasir dan beristirahat di kios-kios kecil yang sudah disediakan warga untuk menikmati beberapa snack dan minuman.', 'Tana Toraja_12-06-2020_02-37-16.jpeg'),
('KAMPUNG OLLON TANA TORAJA', 'Tana Toraja', 'Jika traveller pernah ke Sulawesi Selatan, tentunya sudah tidak asing lagi dengan Tana Toraja. Tana Toraja dikenal dengan kawasan wisata yang sangat populer baik untuk wisatawan domestik maupun mancanegara. Karena Tana Toraja dikenal dengan salah satu daerah yang masih memegang teguh nilai nilai budaya dari leluhur mereka.  Salah satu kawasan wisata yang bisa di kunjungi adalah Kampung Ollon Toraja. Kampung ini merupakan kampung yang sangat memegang teguh kepercayaan nenek leluhurnya serta adat istiadat dalam berbagai hal dalam kehidupan mereka. Kampung Ollon juga termasuk kawasan destinasi wisata religi yang paling sering di kunjungi traveller di Sulawesi Selatan.  Terletak kurang lebih 40 kilometer dari kota Makale Tana Toraja Sulawesi selatan, Kampung Ollon bisa dikunjungi dengan menaiki kendaraan pribadi maupun menyarter mobil dan melakukan perjalanan kea rah Lembang Bau Kecamatan Bonggakaradeng.  Sesampai disana traveller bisa menikmati wisata yang digagas oleh penduduk dan pemerintah setempat yaitu wisata adat. Selain adat istiadat yang sangat dipegang teguh, para pengunjung kampung Ollon juga bisa menikmati kawasan perbukitan yang sangat indah dan lembah-lembah yang berbukit-bukit. Keindahan alamnya yang berupa rerumputan bisa di nikmati. Tempat inilah yang disebut dengan kampung Ollon, yang merupakan sebuah tempat yang dikenal Tana Toraja.  Untuk menuju kampung Ollon bisa melalui dua jalur, yaitu dengan menggunakan motor atau berjalan kaki. Selama perjalanan traveller akan melihat banyak bukit dan sungai yang sungguh luar biasa indahnya. Dikawasan ini para pengunjung juga bisa melakukan kamping, karena memang ini tempat yang dikhususkan traveller yang ingin menikmati suasana alam dengan berada di outdoor  Menikmati kampung Ollon bisa memilih tempat untuk mendirikan tenda, traveller juga bisa mengambil gambar dari ketinggian atau dari lembah-lembah yang berada di Ollon. Selebihnya juga bisa berbaur dengan penduduk Ollon yang dikenal sangat ramah. Berbagai aktifitas penduduk Ollon yang berkecimpung di bidang perkebunan dan peternakan dengan latar belakang alam yang sungguh indah juga bisa dilihat saat berkunjung di sini.  Perlu diketahui, segala bentuk peternakan disini hampir semua hewan dilepas begitu saja dan menyatu dengan alam, sehingga traveller akan merasakan seolah-olah hewan peliharaan tetap mendapat kebebasan.  Karena rata-rata yang berkunjung disini merupakan backpacker atau traveller yang suka kamping, saat di kampung Ollon tentunya jangan sungkan untuk berbaur dengan penduduk Ollon dengan menumpang mandi atau sekedar meminta air untuk keperluan sepanjang berada disana.', 'Tana Toraja_12-06-2020_02-36-38.jpeg'),
('Ke\'te Kesu', 'Tana Toraja', 'Ke\'te Kesu merupakan desa tradisional terpencil di pegunungan Tana Toraja, Sulawesi Selatan. Ia terletak di tengah hamparan sawah luas dan merupakan desa tertua di Sanggalangi. Usia desa itu mencapai 400 tahun dan tak banyak mengalami perubahan.  Inilah kampung Ke\'te Kesu yang warganya mendedikasikan diri kepada ritual kematian. Desa yang melintasi ruang dan waktu tanpa perubahan ini, hanya ditinggali 20 kepala keluarga. Mereka tinggal dalam Tongkonan, rumah adat Toraja. Dinding Tongkonan dihiasi dengan tanduk kerbau dan ukiran yang indah–berfungsi sebagai penanda status pemilik rumah – yang umumnya bangsawan.   Tidak jauh dari Tongkonan, terdapat batu menhir di tengah sawah sebagai penanda menuju Bukit Buntu Ke\'su yang merupakan situs pemakaman kuno berusia 700 tahun. Di jalur bukit yang berbatu, berserakan tengkorak dan tulang manusia. Pada tebing bukit, dibuat beberapa lubang untuk menguburkan mayat. Semakin tinggi tebing tempat mengubur, semakin mudah jalannya menujur surga. Tak mengherankan, dengan keunikannya Tana Toraja menjadi ikon wisata Sulsel. ', 'Tana Toraja_12-06-2020_02-34-53.jpg'),
('Kepulauan Spermonde', 'Makassar', 'Di Selat Makassar memiliki sekitar 124 pulau yang tergabung dalam gugusan Kepulauan Spermonde. Namun yang akan dikembangkan mencapai 12 pulau yang jaraknya relative dekat dengan Makassar, dengan jarak tempuh dari 10-30 menit. Ke-12 pulau itu antara lain: Pulau Langkai, Barang Lompo, Samalona, Kodingareng Keke, Barang Caddi, Lanjukkang, Lumu-lumu, Bone tambung, Kodingareng Lompo, Kayangan hingga Pulau Lae-lae dan Lae-lae kecil.   Pulau-pulau itu memiliki panorama bawah air yang indah, yang cocok untuk snorkeling dan selam. Selain itu, kepulauan itu memiliki ciri khas pasir pantai yang lembut dan ditumbuhan berbagai vegetasi, sehingga teduh meskipun tak berpenghuni.', 'Makassar_12-06-2020_02-20-27.jpg'),
('Leang-Leang', 'Maros', 'Maros Sulawesi Selatan terkenal akan kawasan Karst. Salah satunya adalah kawasan Goa Lenag- Leang , atau masyarakat setempat menyebutnya Taman Pra Sejarah Leang-Leang. Leang-Leang ini terletak di kawasan Batimurung Maros Sulawesi Selatan. Sangat cocok bagi traveller yang hobi akan petualangan.  Untuk menuju lokasi Taman Leang Leang di Maros Sulawesi SelatanTraveller cukup melakuka perjalanan menuju ke Leang-Leang, Bantimurung, Kabupaten Maros, Sulawesi Selatan 90561. Lokasi ini cukup terkenal sehingga traveller bisa mencarinya di map google atau bertanya penduduk setempat.  Taman Leang-Leang Maros Sulawesi Selatan merupakan salah satu kawasan wisata yang wajib du kunjungi saat berada di Sulawesi. Selain pesona dan keindahaannya, panduduk marosnya pun sangat ramah terdahap wisatawan lokal maupun mancanegara.  Kawasan ini sangat terkenal hingga mancanegara, sehingga ada yang menyamakan Taman Nasional Bantimurung dan merupakan kawasan karst terbesar ketiga di dunia setelah Guangzhou di China dan di Teluk Halong, Vietnam.  Di kawasan Leang-leang ini terdiri dari beberapa goa, diantaranya adalah goa Pettae dan Petta Kere yang cukup terkenal di kawasan tersebut. Di antara goa tersebut juga terdapat rumah penduduk yang bisa di gunakan untuk beristirahat sebelum berpetualangan memasui goa.  Pertama kali berkunjung di goa Pettae traveller akan berjumpa dengan dinding besi dengan ketinggan 15 meter, di baliknya terdapat gambar tangan, gambar telapak  dan gambar babi rusa beserta mata tombaknya.  Saat berada di dalam goa tersebut traveller akan terkesima, seolah-olah goa tersebut bercerita kepada para traveller tentang sebuah kehidupan masa lalu. Rata-rata lokasi goa disini menjadi perhatian para peneliti. Batu-batuan berwarna hitam tersusun rapi di lapangan luas dan sangat berkarakter, sehingga layak untuk di kunjungi. Begitu pula di Goa Petta Kere juga terdapat koleksi gambar yang puluhan jumlahnya.  Diperkiraka usia dari lukisan purba di taman Leang-Leang ini sudah berusia 5000  hingga 3000 tahun  Sebelum Masehi. Selain gambar di dinding goa, di Taman Prasejarah Leang-Leang ini terdapat beberapa gazebo diluar goa yang bisa digunakan traveler untuk bersantai dan beristirahat.  Selain goa, hal yang perlu di ketahui oleh para traveller adalah panorama alam di wilayah Leang-leang yang begitu indah. Gugusan tebing batu dengan bentuk yang khas dan unik serta gunung-gunung batu yang kokoh menjulang menampilkan panorama khas landscape karst. Selain menambah pengetahuan tentang peradaban manusia purba, berbagai aktivitas pun bisa dilakukan para traveller di sini seperti kemping maupun outbond.  Tidak jauh dari kawasan Wisata Bantimurung kurang lebih sekitar 9 kilometer terdapat kompleks wisata yang berada di atas hamparan rumput yang hijau atau di tepian sungai yang mengalir jernih di pinggiran tebing.Disinilah traveller bisa bersantai menikmati asrinya suasana. Lokasi ini pun cocok untuk kegiatan outbound. Demi menambah kenyamanan pengunjung, di area ini telah dilengkapi dengan rumah adat, baruga, shelter, toilet, jalur tracking, papan interpretasi beberapa pos penjagaan', 'Maros_12-06-2020_02-30-40.jpeg'),
('Malino', 'Gowa', 'Malino merupakan destinasi wisata alam yang terletak di Kecamatan Tinggimoncong, Kabupaten Gowa, Sulawesi Selatan. Ia merupakan ikon pariwisata Sulawesi Selatan, lokasinya yang berada di ketinggian, menjadikannya kawasan ideal untuk membangun vila. Apalagi, jaraknya hanya 90 km dari kota Makassar.  Malino memiliki hutan wisata berupa pohon dan terkenal dengan perkebunan teh dan buah markisa.  Bahkan kawasan ini terkenal sebagai kawasan rekreasi dan wisata sejak zaman penjajahan Belanda. Pasalnya, dari Malino, pegunungan ikonik Sulsel terlihat jelas. Suhunya pun bersahabat antara 10-26 derajat Celcius. Selain itu, Malino pun menghasilkan buah-buahan dan sayuran khas yang tumbuh di lereng Gunung Bawakaraeng.', 'Gowa_12-06-2020_02-41-14.jpg'),
('Pantai Losari', 'Makassar', 'Pantai Losari jadi ikon Makassar sejak 1970-an. Bahkan pantai ini pernah diangkat menjadi judul film “Senja di Pantai Losari” pada 1975. Pantai sepanjang 2 km ini merupakan ruang public. Pada 1980-1990-an, pantai ini menjadi meja makan terpanjang di dunia, karena banyaknya penjual makanan kaki lima. Namun pada 2000-an direvitalisasi dan kini menjadi beranda kota Makassar, sekaligus pusat perhelatan seni budaya. Pantai Losari juga dikelilingi hotel berbintang, Trans Studio, Benteng Rotterdam, dan kawasan hiburan malam.', 'Makassar_12-06-2020_02-16-57.jpg'),
('Pantai Tanjung Bira', 'Bulukumba', 'Berada di Kabupaten Bulukumba, Pantai tanjung Bira memiliki pantai berwarna hijau toska bening, dengan langit biru tua. Pasir pantai Tanjung Bira berupa pasir putih nan lembut. Pantai ini merupakan destinasi wisata bahari utama di Sulawesi Selatan. Selain itu, pemandangan bawah lautnya juga indah. Kondisinya yang tak begitu ramai, sangat ideal untuk wisata keluarga dan bulan madu.   Fasilitas serta akomodasi di Tanjung Bira terbilang lengkap, semisal persewaan perlengkapan selam, kamar mandi yang nyaman, persewaan motor, dan dermaga untuk kapal feri, bagi mereka yang ingin menuju Taman Nasional Takabonerate. Untuk akomodasi penginapan tersedia vila, bungalow, dan hotel. Lokasinya juga tak begitu jauh dari galangan kapal tradisional kapal pinisi.', 'Bulukumba_12-06-2020_06-29-27.jpg'),
('Pulau Bulupoloe', 'Luwu Timur', 'Pulau Bulupoloe ini termasuk ke dalam wilayah administratif Kabupaten Luwu Timur, Sulawesi Selatan. Kabupaten Luwu Timur berjarak sekitar 500 km dari Kota Makassar. Pesona Laut yang disajikan Pulau Bulupoloe ini semakin menambah kagum karena kondisi pantainya yang masih sangat alami dan belum terkontaminasi polusi. Tidak hanya itu, air laut di Pulau ini sangat jernih, dihiasi aneka ragam terumbu karang yang mempesona, da ikan yang berwarna-warni serta biota laut lainnya yang semakin menambah semarak kehidupan bawah laut di Pulau Bulupoloe ini. Selain wisata alam, di Pulau ini juga kita dapat menikmati wisata kuliner tradisional khas Luwu, dan juga terdapat beberapa penginapan.', 'Luwu Timur_12-06-2020_06-32-41.jpg'),
('Pulau Cangke', 'Pangkep', 'Sebuah pulau kecil yang secara administratif masuk ke dalam Kab. Pangkep, Sulawesi Selata ini memiliki pesona alam yang menawan dengan pemandangan alam yang indah. Di pulau ini Anda dapat menikmati suasana alam yang tenang dengan rimbunnya pepohonan nan hijau, pasir putih, serta air laut yang jernih. Di pulau yang juga merupakan tempat kenyu bertelur ini, Anda dapat menikmati keindahan terumbu karang dan ikan-ikan berwarna-warni dari atas permukaan laut terutama di saat air laut surut. Oleh karena itu, selain menjadi tempat pelarian yang tepat dari kesibukan sehari-hari, kawasan wisata ini juga merupakan tempat yang pas bagi Anda yang hobi snorkeling, menyelam atau memancing.', 'Pangkep_12-06-2020_06-36-00.jpg'),
('Pulau Dutungan', 'Barru', 'Pulau dengan luas sekitar 9 Ha ini dengan suasana alam yang asri dan pemandangan yang menawan. Selain hamparan pasir putih yang indah, di sisi luarnya juga ditumbuhi oleh rimbunnya hutan bakau. Selain itu, di salah satu sudut pulau juga terdapat gugusan bebatuan nan cukup indah. Dikelilingi pemandangan laut yang biru serta pesona biota laut dan terumbu karannya nan menawan, membuat Anda akan merasa betah untuk tinggal berlama-lama di tempat ini. Berlokasi di Desa Cilelang, Kab. Barru.', 'Barru_12-06-2020_06-37-27.jpg'),
('Pulau Gusung', 'Makassar', 'Pulau kecil berjarak 1.6 km dari pesisir pantai kota Makassar dan dapat diakses hanya dalam 5 menit dengan speed boat dari Dermaga Popsa, Makassar. \\nPulau itu dulunya merupakan tanggul yang membentang dari utara ke selatan sepanjang 1 km yang berfungsi untuk meredam ombak yang masuk ke wilayah pelabuhan di Makassar. Namun, karena proses sedimentasi yang terjadi terus menerus dan telah berlangsung lama, maka membuat pasir putih menumpuk di sisi utara tanggul. Pasir putih ini secara bertahap tumbuh dalam ukuran dan melebar untuk membentuk satu pulau. \\nAda berbagai kegiatan yang bisa dilakukan di pulau ini, seperti bermain di air di pantai, snorkeling dan bahkan menyelam. Namun, sebagian besar yang datang berkunjung adalah mereka yang ingin bermain air sambil berjemur di pantai.', 'Makassar_12-06-2020_02-19-06.jpg'),
('Pulau Kapoposang', 'Pangkep', 'Salah satu tempat wisata di Sulawesi Selatan yang memiliki pesona alam bawah laut yang menawan. Pulau yang merupakan salah satu dari gugusan kepulauan Spermonde ini memiliki gugusan terumbu karang yang sangat indah dengan menyimpan beranekaragam biota laut yang menarik. Terletak di Desa Mattiroujung, Kecamatan Liukang Tupabiring, Kab.Pangkep, dan dapat dijangkau dengan menggunakan speed boat sekitar 90 Menit ke arah barat laut Makasar.', 'Pangkep_12-06-2020_06-34-34.jpg'),
('PULAU SAMALONA', 'Makassar', 'Pulau Samalona merupakan sebuah gugusan pulau karang yang berbentuk bundar. Pulau ini mempunyai luas 2,34 hektar yang terletak di Selat Makassar, lebih tepatnya di sebelah barat daya pantai barat Sulawesi Selatan. Secara administratif, pulau ini termasuk wilayah Kecamatan Wajo, Kota Makassar, Sulawesi Selatan.  Pantai-pantai yang terdapat di Pulau Samalona ini mempunyai hamparan pasir putih dengan hawa yang sejuk serta pepohonan hijau yang tumbuh subur dan rindang di sekitar pantai. Tidak hanya itu saja, air lautnya bersih dan jernih, sehingga membuat para wisatawan yang mengunjungi objek wisata ini betah berlama-lama berenang, snorkeling dan menyelam disekitar pantai.  Berbagai fasilitas sudah ada di Pulau Samalona ini, seperti penginapan-penginapan bagi para wisatawan yang ingin menikmati keindahan alam Pulau Samalona selama beberapa hari, rumah makan, toilet umum, tempat penyewaan alat snorkeling dan masih banyak yang lain.  Untuk menuju pulau ini para wisatawan bisa menggunakan perahu nelayan yang memakan waktu sekitar 30 menit dari Kecamatan Wajo.', 'Makassar_12-06-2020_02-02-38.jpg'),
('PULAU SELAYAR TAKA BONERATE', 'Selayar', 'Indonesia tiada henti hentinya menawarkan keindahan alamnya yang di kelilingi oleh lautan di sepertiga wilayahnya. Pulau yang jumlahnya ribuan menawarkan berbagai keindahan alam dan keunikannya masing-masing. Banyak juga pulau pulau yang belum terjamah oleh wisatawan salah satunya adalah Pulau Taka Bonerate.  Berbeda dengan Taman Nasional lainnya, Bonerate merupakan kawasan konservasi laut dengan pulau berbentuk cukup unik. Apalagi pulau Bonerate ini luasnya mencapai lebih dari 22 ribu hejtar dengan gugusan atol yang terdiri dari pulau karang dan terumbu karang.  Perlu diketahui, bahwa Taka Bonerate juga merupakan rumah bagi para biota laut seperti Penyu yang jenisn dan jumlahnya cukup banyak. Tidak heran jika kekayaaan hayati laut membuat Pemerintah Kabupaten Kepulauan menjaga Takabonerate sebagai salah satu kawasan konservasi para biota laut yang berada di Bonerate ini.  Beberapa kegiatan seperti Diving dan Snorkling merupakan aktifitas favorit bagi para traveler yang mengunjugi Selayar Taka Bonerate. Akan tetapi disini traveler harus mengurus perizinan dulu di Taman Nasional. Jika ingin menyewa peralatan menyelam hingga fotografi didalam laut, traveler bisa menyewa peralatan tersebut yang di sediakan oleh pengelola. Dengan ini maka traveler bisa melihat keindahan dasar laut Taka.  Jika traveler berkunjung disekitar bulan april – juni pada waktu musim panas, maka traveler bisa melihat berbagai macam atraksi wisata yang ada di Selayar. Banyak sekali even yang diadakan di Pulau ini seperti International Fishing Tournament, Underwater Exhibition hingga Fotofrafi Bawah Laut. Selain itu beberapa atraksi budaya juga di laksanakan disini.  Selayar taka Bonerate merupakan pulau yang terletak di Kecamatan Takabonerate, Kabupaten Selayar Sulawesi Selatan. Untuk bisa sampai di Pula ini, traveler harus terbang dahulu ke Makasar dan melanjutkan menuju selayar dengan melakukan penerbangan perintis ke H Aeropala. Sebenarnya ada alternative lain yaitu dengan perjalanan melalui darat yang di tempuh sekitar 10 jam perjalanan darat dari makasar ke Bentang lalu menyebrang menggunakan ferry.  Beberapa penginapan dan akomodasi wisata lainnya sudah disediakan di kawasa Taka Bonerate mulai dari yang termurah hingga kelas resort. Traveler juga bisa menggunakan tenda jika ingin menginap di tepi pantai, selain lebih hemat juga lebih dekat dengan alam Taka Bonerate.', 'Selayar_12-06-2020_02-12-00.jpg'),
('SUNGAI SADDANG', 'Tana Toraja', 'Sungai Saddang, merupakan sungai terpanjang di Provinsi Sulawesi Selatan dengan panjang sekitar 150 km . Aliran sungai Seddang sendiri mengalir mulai dari Kabupaten Tator, Enrekang, Pinrang hingg Polewali di Sulawesi Barat. Karena panjang dan arusnya yang deras, sungai Saddang sangat diminati oleh para traveler pecinta arung jeram.  Traveler yang ingin menguji adrenalin bisa berpetualang ke Sungai Saddang. Topografi sungai saddang sangat menarik. bagi traveler yang suka akan petualang. Traveler dapat menikmati keindahan alam dengan udara yang sangat sejuk sepanjang perjalanan dan olah raga traveler. Traveler juga bisa menikmati berbagai macam keindahan gunung-gunung yang berselimut padang rumput sabana  Sepanjang aliran sungai Saddang juga menyajikan berbagai keindahan fauna disekitarnya, serta di area dangkal dengan tepian kerikil. Traveler bisa menikmati berbagai organisme yang hidup di area sungai tersebut. Beberapa contoh biota perairan sungai Saddang yang terdiri dari bermacam jenis ikan seperti, ikan Sepat, ikan Tempe, ikan Bilis, ikan Seluang, ikan Toman, ikan hias, ikan seluang, ikan sumpit dan lain sebagainya hingga udang dan kepiting.  Beberapa biota dimanfaatkan masyarakat sekitar sungai saddang untuk memenuhi kebutuhan hidup. Selain kaya akan keanekaragaman biota, sungai  Saddang juga digunakan oleh mayarakat sebagai sarana sumber air minum dan transportasi.  Traveler yang ingin mencoba berpetualang sepanjang sungai saddang akan menjelajah dengan petualang baru dengan berbagi tingkat kesulitan yang berbeda. Diantaranya adalah beberapa level antara 3 hingga 5. Traveler akan ditemui dengan aliran sungai yang deras dengan patahan berupa batu, aliran sungai tersebut menabrak batu besar dan beberapa perahu biasanya akan terjebak didalamnya.  Rintangan dan aliran sungai tersebut sangat menantang, adrenalin  para traveler penggemar arung jeram akan di uji dan merasa puaskan ketika mengarungi Sungai Saddang. Sebagai informasi, Titik awal pengarungan Sungai Saddang dimulai dari jembatan gantung di Desa Buah kayu Kabupaten Tana Toraja dan berakhir di jembatan Pappi Kabupaten Enrekang, Sulawesi Selatan. ', 'Tana Toraja_12-06-2020_02-13-09.jpg'),
('Taman Nasional Bantimurung', 'Bone', 'Ikon pariwisata Makassar ini sejatinya berada di Kabupaten Maros. Keunikan Taman Nasional Bantimurung-Bulusaraung adalah bebatuan atau tebing karst-nya, goa-goa dengan stalaknit dan stalakmit yang indah, dan yang paling dikenal adalah kupu-kupu. Keelokan Bantimurung disebut Alfred Russel Wallace sebagai The Kingdom of Butterfly (kerajaan kupu-kupu). Ia tak berlebihan menyebut Bantimurung sebagai kerajaan kupu-kupu, pasalnya sepanjang 1856-1857, ia meneliti 250 jenis kupu-kupu yang hidup di Bantimurung.  Di dalam taman nasional ini terdapat 20 jenis kupu-kupu yang dilindungi melalui Peraturan Pemerintah No. 7/1999. Beberapa spesies unik bahkan hanya terdapat di Sulawesi Selatan, yaitu Troides Helena Linne, Troides Hypolitus Cramer, Troides Haliphron Boisduval, Papilo Adamantius, dan Cethosia Myrana. Taman Nasional ini menyuguhkan wisata alam yang komplit, berupa lembah bukit kapur yang curam dengan vegetasi tropis, air terjun, dan gua yang merupakan habitat beragam spesies serangga, terutama kupu-kupu.', 'Bone_12-06-2020_02-23-24.jpg'),
('TAMAN NASIONAL TAKA BONERATE', 'Selayar', 'Taman Nasional Laut Taka Bonerate termasuk salah satu kawasan pelestarian alam di wilayah Indonesia Timur. Taman nasional ini terdiri dari gugusan pulau-pulau karang dan terumbu karang. Di kawasan ini terdapat sekitar 21 pulau, 6 buah pulau diantaranya sudah berpenghuni. Pulau-pulau berpenghuni ini dihuni kurang lebih 5.100 jiwa. Secara topografi, sebagian besar pulau tersebut merupakan pulau karang berbentuk lingkaran (atau juga sering disebut atol ) dengan konfigurasi pasir putih. Atol tersebut dikelilingi oleh air laut berwarna biru pekat yang merupakan perairan yang cukup dalam.  Kawasan Takabonerate mempunyai luas kurang lebih 530.000 hektar dengan luas atol sekitar 220.000 hektar. Taka Bonerate merupakan pulau karang terbesar di Asia Tenggara dan bahkan terbesar ketiga di dunia. Kebanyakan bentuk terumbu karang di kawasan ini berupa fringing reef ( terumbu karang tepi ), barrier reef ( penghalang ) dan atol ( cincin lingkaran ) yang dibentuk oleh sekitar 260 jenis karang.  Kawasan Taka Bonerate ini sangat cocok untuk memancing, berenang, berjemur, snorkeling dan berperahu. Selain itu, kawasan ini juga sangat cocok untuk diving, sehingga para wisatawan dapat menikmati keindahan bawah laut Taman Nasional Laut Taka Bonerate ini. Di alam bawah laut tersebut, wisatawan juga dapat menyaksikan ratusan jenis terumbu karang yang indah dan juga beraneka ragam biota laut, diantaranya ikan kerapu, ikan cakalang, kerang kepala kambing, kerang mutiara, cumi-cumi, penyu hijau dan masih banyak yang lainnya.  Untuk menjangkau kawasan takabonerate ini, jika kita berangkat dari Dermaga Benteng, kita memerlukan waktu sekitar 2 jam dengan menggunakan speedboat. Sedangkan bila kita berangkat dari Dermaga Patumbukang, kita memerlukan waktu sekitar 3 jam. Ada juga sarana transportasi lain selain speedboat. Tetapi, waktu tempuhnya agak lebih lama dibanding dengan memakai speedboat.', 'Selayar_12-06-2020_02-12-20.jpeg'),
('WISATA KARST MAROS', 'Makassar', 'Karst Maros Pangkep, merupakan salah satu dari Taman Nasional Bantimurung, Nulusaraung yang terletak tepatnya di desa Salenrang , Kecamatan Bontoa, Kabupaten Maros Provinsi Sulawesi Selatan. Berjarak sekitar 40 Km ke arah utara kota Makasar, kami Tim Wisatakita melakukan perjalanan jalur darat dipagi hari ditambah dinginnya udara pagi.   Didekat Kars Maros terdapat objek wisata alam yang bisa ditemukan di sekitar Marsos. Yaitu Telaga Bidadari , Taman Hutan Batu Kapur, Gua Pasaung, Gua Bulu Barakka dan wisata Sungai Pute beserta Kampung Berua. Seteah sampai di Pelabuhan kecil kami menyewa perahu untuk pulang-pergi. Selama 30 menit perjalanan dengan menggunakan perahu tersebut terdapat pegunungan kars yang menjulang ke atas langit, melewati sungai , terowongan, dan bebatuan kapur yang ada disekitarnya. Tebing-tebing karst menjulang tinggi membentuk gugusan pegunungan batu gamping adalah suatu fenomena alam yang menakjubkan. Selama ini mungkin kita tahu keunikan tersebut hanya ada di Cina Selatan atau di Madagaskar.  Kawasan Kars yang terletak di Kabupaten Maros dan berbatasan dengan Kabupaten Pangkep ini mempunyai luas sekitar 40 ribu hektar. Bentuk yang unik beberapa jajaran batu dan pegunungan kapur seperti  menara yang menjulang tinggi. Walaupun menyimpan begitu banyak eksotisme dan keunikan, kawasan ini belum terlalu dikenal masyarakat sebagai suatu destinasi wisata. Padahal karst ini berada di sekitar pinggiran jalan trans sulawesi sehingga cukup mudah diakses, jika ditempuh sekitar 2 jam perjalanan dari kota Makassar.  Selain jajaran bebatuan yang menjulang tinggi, disana kami juga melihat berbagai fauna seperti monyet hitam, tarsius, ratusan jenis kupu-kupu dan beberapa mahluk hidup lainnya yang berada didalam goa. Bahkan didalam goa terdapat juga sumber mata air dan beberapa aliran sungai bawah tanah.  Perjalanan kmipun harus melewati beberapa bukit, dan ada beberapa tambak ikan serta terowongan batu yang bisa dilewati dengan jalan setapak. Ada sebuah telaga juga diantara pegunungan kapur tersebut yang biasa disebut oleh masyarakat telaga bidadari yang airnya sangat jernih dan berdampingan dengan batu kapur yang tersusun rapi.  Air jernih dan segar yang di hasilkan dari telaga bidadari ini juga sebagai sumber mata air tawar bagi penduduk setempat, konon menurut cerita penduduk setempat, tempat ini adalah tempat yang digunakan untuk mandi para bidadari, sehingga tempat ini disebut dengan telaga atau Taman Bidadari.', 'Makassar_12-06-2020_02-01-59.jpg');

--
-- Indexes for dumped tables
--

--
-- Indeks untuk tabel `budaya_populer`
--
ALTER TABLE `budaya_populer`
  ADD PRIMARY KEY (`nama_budaya`),
  ADD KEY `lokasi` (`lokasi`);

--
-- Indeks untuk tabel `lokasi`
--
ALTER TABLE `lokasi`
  ADD PRIMARY KEY (`lokasi`);

--
-- Indeks untuk tabel `pariwisata`
--
ALTER TABLE `pariwisata`
  ADD PRIMARY KEY (`nama_wisata`),
  ADD KEY `lokasi` (`lokasi`);

--
-- Ketidakleluasaan untuk tabel pelimpahan (Dumped Tables)
--

--
-- Ketidakleluasaan untuk tabel `budaya_populer`
--
ALTER TABLE `budaya_populer`
  ADD CONSTRAINT `budaya_populer_ibfk_1` FOREIGN KEY (`lokasi`) REFERENCES `lokasi` (`lokasi`);

--
-- Ketidakleluasaan untuk tabel `pariwisata`
--
ALTER TABLE `pariwisata`
  ADD CONSTRAINT `pariwisata_ibfk_1` FOREIGN KEY (`lokasi`) REFERENCES `lokasi` (`lokasi`);
COMMIT;

/*!40101 SET CHARACTER_SET_CLIENT=@OLD_CHARACTER_SET_CLIENT */;
/*!40101 SET CHARACTER_SET_RESULTS=@OLD_CHARACTER_SET_RESULTS */;
/*!40101 SET COLLATION_CONNECTION=@OLD_COLLATION_CONNECTION */;
